r2_dn,r2_de
0.39575383855302093,0.1469691839394579
