r2_dn,r2_de
-0.04096140825998651,0.2469889769180147
