r2_dn,r2_de
-0.00011439629512044469,-0.02788463365290106
