r2_dn,r2_de
-0.09419629731469659,0.04169465245167436
