r2_dn,r2_de
0.616054823399717,0.48635818475040626
