r2_dn,r2_de
-0.0024725364429729613,-0.09237531395799237
