r2_dn,r2_de
-0.02739320390334843,-0.019963024710817345
