r2_dn,r2_de
0.9481506109019208,0.6769164892561137
