r2_dn,r2_de
-0.007174100897925584,-0.021512065586813955
