r2_dn,r2_de
0.10445695535334942,0.5790376299652842
