r2_dn,r2_de
0.9930577389983446,0.44231900650099387
