r2_dn,r2_de
0.7564686026728538,0.5061754823368525
