r2_dn,r2_de
0.24517392312239683,0.4173275051201911
