r2_dn,r2_de
0.7071624085179575,0.9905994751131941
