r2_dn,r2_de
-0.08806451612903254,0.022065819499340278
