r2_dn,r2_de
0.12192892580763559,0.07199933207091058
