r2_dn,r2_de
0.07128724967481359,-0.035651456777043844
