r2_dn,r2_de
-0.004347826086956497,0.7711026538118237
