r2_dn,r2_de
0.9649514508062855,0.9327805564509734
