r2_dn,r2_de
-0.08946381197598052,0.12153686877231118
