r2_dn,r2_de
0.9198611245510251,0.542759268958523
