r2_dn,r2_de
-0.002554917210611407,-0.09977350978529853
