r2_dn,r2_de
-0.008070742528901276,-0.007661271676388415
