r2_dn,r2_de
-0.02722717989802681,0.6214959445081613
