r2_dn,r2_de
0.9325581770550653,0.6923189195817477
