r2_dn,r2_de
0.06209693043933695,-0.02799241821120524
