r2_dn,r2_de
0.8961220366192962,0.9985362591107849
