r2_dn,r2_de
-0.04323475640395058,-0.019249998081703357
