r2_dn,r2_de
0.5339634594959437,-0.0982020458078432
