r2_dn,r2_de
0.5412937630793413,-0.07213114015953126
