r2_dn,r2_de
-0.00014492258307896577,0.0759036986810746
