r2_dn,r2_de
0.20467625182053195,0.2310434065335285
