r2_dn,r2_de
-0.03514161361230128,0.013888248432031847
