r2_dn,r2_de
-0.03197643076015266,0.4223122485860129
