r2_dn,r2_de
0.4022303441828602,0.2624706097935454
