r2_dn,r2_de
0.1079203043511503,-0.02616714088183336
