r2_dn,r2_de
0.033192913838028026,0.13978353128690468
