r2_dn,r2_de
0.294613926154747,0.3551097171296841
