r2_dn,r2_de
-0.07283970156757014,0.0003417360077812015
