r2_dn,r2_de
0.9362626223203439,0.902141155247075
