r2_dn,r2_de
0.8181798384810264,-0.02081790639823211
