r2_dn,r2_de
0.9817698253278324,0.6787421816427051
