r2_dn,r2_de
0.5217300253422541,-0.029699191812946113
