r2_dn,r2_de
0.7281857745249647,0.8046803906627713
