r2_dn,r2_de
0.8624217473938038,0.5716415652622123
