r2_dn,r2_de
-0.007493799482709562,-0.0272050523796723
