r2_dn,r2_de
0.35237475699945564,0.14886488027303446
