r2_dn,r2_de
0.7898724398933252,0.5723976090102473
