r2_dn,r2_de
-0.039433984040503134,0.007707287294248855
