r2_dn,r2_de
0.7547172337104404,-0.10511252650690839
