r2_dn,r2_de
0.4529409290797275,0.46449099789520476
